customer_id,date,amount
C1,2026-06-15,180
C1,2026-07-15,190
C2,2026-05-15,190
C2,2026-06-15,200
C2,2026-08-15,220
C3,2026-05-15,210
C3,2026-07-15,230
C3,2026-08-15,240
C4,2026-06-15,240
C4,2026-07-15,250
C5,2026-05-15,250
C5,2026-06-15,260
C5,2026-08-15,280
C6,2026-05-15,270
C6,2026-07-15,290
C6,2026-08-15,300
C7,2026-06-15,300
C7,2026-07-15,310
C8,2026-05-15,310
C8,2026-06-15,320
C8,2026-08-15,340
C9,2026-05-15,330
C9,2026-07-15,350
C9,2026-08-15,360
C10,2026-06-15,360
C10,2026-07-15,370
C11,2026-05-15,370
C11,2026-06-15,380
C11,2026-08-15,400
C12,2026-05-15,390
C12,2026-07-15,410
C12,2026-08-15,420
C13,2026-06-15,420
C13,2026-07-15,430
C14,2026-05-15,430
C14,2026-06-15,440
C14,2026-08-15,460
C15,2026-05-15,450
C15,2026-07-15,470
C15,2026-08-15,480
C16,2026-06-15,480
C16,2026-07-15,490
C17,2026-05-15,490
C17,2026-06-15,500
C17,2026-08-15,520
C18,2026-05-15,510
C18,2026-07-15,530
C18,2026-08-15,540
C19,2026-06-15,540
C19,2026-07-15,550
C20,2026-05-15,550
C20,2026-06-15,560
C20,2026-08-15,580
