tenure,monthly_charges,support_tickets,churn
41,131,9,1
66,49,6,0
25,85,0,0
56,20,8,1
69,70,5,0
56,37,10,1
43,100,10,1
16,96,8,1
40,124,5,0
52,95,8,1
17,69,6,1
49,64,9,1
39,123,8,1
1,97,4,1
27,130,9,1
42,139,7,1
57,74,8,1
61,63,10,1
11,92,8,1
43,43,3,0
40,77,3,0
19,26,0,1
32,141,9,1
10,136,6,1
25,118,7,1
52,82,2,0
1,47,6,1
29,65,8,1
60,32,8,1
32,51,7,1
18,138,10,1
68,101,7,1
65,129,8,1
58,60,7,1
58,86,3,0
36,144,10,1
31,90,7,1
10,93,3,1
35,105,5,0
70,40,2,0
20,79,6,0
20,74,1,0
54,124,5,0
70,139,6,0
8,72,6,1
50,25,9,1
49,142,0,0
46,96,6,0
54,76,7,1
29,89,6,0
63,27,6,0
44,123,2,0
60,52,9,1
69,26,6,0
4,41,10,1
55,54,7,1
24,32,4,0
49,103,3,0
59,103,5,0
49,91,6,0
33,40,7,1
3,33,5,1
29,37,10,1
6,27,3,1
26,25,9,1
20,81,2,0
61,49,9,1
28,139,4,0
48,62,9,1
15,61,4,1
14,26,4,1
49,121,3,0
10,82,1,1
39,50,9,1
6,108,8,1
55,114,1,0
65,107,0,0
54,145,1,0
56,112,10,1
59,59,6,0
23,89,9,1
69,143,7,1
56,88,5,0
32,42,4,0
58,82,7,1
49,106,0,0
64,103,2,0
63,74,5,0
34,107,4,0
36,22,8,1
25,41,3,0
53,145,8,1
31,141,10,1
63,134,0,0
12,95,3,1
52,82,4,0
48,141,8,1
68,108,6,0
71,104,5,0
59,89,4,0
33,79,1,0
25,100,1,0
69,67,3,0
28,143,4,0
68,92,1,0
25,95,3,0
47,65,4,0
2,52,4,1
6,33,8,1
38,52,10,1
63,46,0,0
37,140,7,1
57,107,2,0
7,84,7,1
15,36,6,1
63,38,9,1
7,58,2,1
39,41,3,0
16,126,9,1
29,117,7,1
57,96,9,1
55,98,9,1
8,45,3,1
28,87,10,1
11,60,3,1
23,39,2,0
1,124,7,1
61,94,0,0
30,93,4,0
59,38,10,1
30,87,10,1
26,128,1,0
70,77,10,1
20,88,2,0
10,35,2,1
40,93,7,1
16,139,4,1
52,89,8,1
70,146,7,1
11,30,6,1
42,84,0,0
12,78,10,1
3,88,9,1
6,64,7,1
67,133,4,0
24,131,10,1
63,43,7,1
45,124,5,0
42,46,2,0
43,125,7,1
37,122,8,1
5,136,1,1
41,84,5,0
15,123,8,1
1,138,6,1
7,68,8,1
47,147,10,1
57,33,3,0
35,53,4,0
57,144,1,0
4,81,2,1
40,23,8,1
53,43,3,0
15,138,1,1
20,147,4,0
66,89,6,0
62,140,3,0
59,57,6,0
25,150,2,0
9,90,6,1
44,149,4,0
1,92,4,1
63,58,7,1
69,143,5,0
43,116,7,1
42,68,3,0
50,79,6,0
6,101,7,1
49,118,10,1
20,146,0,0
