bedrooms,area,age,price
1,702,23,83778.86507275297
3,1603,7,263345.70695276815
2,1019,21,162048.9712232044
5,956,18,182703.87120293578
4,730,0,155942.97416065473
1,1495,7,222030.75237049718
5,3065,0,507911.8089220868
5,1414,22,259189.37659162376
5,2318,7,398006.00433539186
4,3013,8,500241.7837718247
1,1253,22,177995.46413238862
4,1993,8,335069.31358460744
2,1481,30,181399.94873867
3,1018,2,196022.43760257663
4,996,11,190299.67296357374
3,3072,8,488704.33454571577
1,2481,17,368951.2812526084
1,2150,2,340141.1310592893
5,1800,26,322840.3568423166
5,2081,18,345751.24045531114
2,3485,2,551721.5596316012
1,3308,7,494592.8543240644
3,926,27,158275.70494019947
2,1013,12,179799.01250453814
3,2457,20,380591.6317633782
3,1266,11,201727.48021186562
3,1458,21,248221.94068668672
3,3474,29,526932.5880071069
1,3095,20,474660.5243912057
2,2787,23,419955.6810320181
2,1269,14,195844.6930754416
4,1705,29,288802.3131108256
5,1499,21,268829.8781807428
3,829,7,151339.49492582245
1,1892,12,287360.7949122058
3,871,6,163806.3486965691
5,1888,6,329667.62730258727
4,2220,28,350382.7699157503
4,1185,8,205174.014318533
2,1610,23,232766.5848687872
5,2807,8,477126.78138601
5,2354,28,398684.3408788842
5,2235,11,383233.8590442174
2,1166,16,194435.22652886485
4,972,24,185824.24524782746
1,1049,4,154509.3894305943
2,3387,13,527830.5718768417
5,860,12,182751.85484841195
4,3040,14,489859.3679865494
5,1629,17,288181.0358747517
1,3386,23,498783.84304668615
1,3392,28,478686.74024511274
5,1692,24,288566.0295005053
3,1056,9,201796.37604468607
4,1247,14,211037.36050662975
1,1678,16,244329.41118555499
2,2679,29,400798.08325454616
1,3161,9,477390.16736452474
5,3094,6,534165.1582294919
2,2131,24,305143.3341305776
2,2809,30,397152.71073366917
5,602,19,125939.93089378493
3,2601,0,421232.1669925244
1,2086,28,294094.5257897535
3,1580,1,277976.7776929025
2,2923,30,438613.3330782931
1,950,23,145860.5281313172
4,883,24,145875.39686188367
5,1115,4,236969.7837225628
4,2851,5,454213.90228542767
3,2761,27,425030.7957174411
5,2333,30,387289.86773613805
2,2808,24,435099.1445497193
2,1876,12,303875.92619619373
3,2394,28,374723.9388946035
5,2449,3,417554.5709980067
2,1520,2,245792.40114160656
3,686,18,116915.76213496411
5,1542,18,291388.197751107
2,629,2,107821.81731498998
1,1537,2,258593.6575507912
1,1953,2,300232.1599491792
5,1574,8,289746.8209838285
4,1477,17,251030.88056947797
2,2938,18,445942.3177192587
4,1595,25,253295.95757850015
4,2267,6,398379.369921204
1,997,21,132967.98292958815
4,2051,13,354635.9599567862
4,2512,27,384042.3359903585
1,3358,20,493845.35366545786
1,848,12,144698.7105498942
3,1047,7,201832.00744942945
2,1379,17,226591.03653929773
4,1174,13,215573.0604195932
2,1740,14,265494.6382456626
2,908,14,150712.2286670559
5,1001,1,199001.63259304836
5,660,2,150946.1242765154
2,1281,13,219902.22389420483
4,2571,6,427957.0705307603
4,840,5,171166.9090060256
4,608,12,130320.1674858641
3,2463,9,404807.14780394256
4,3453,30,553135.1488313385
5,3311,22,514996.7755003783
4,1234,6,224493.4850199478
3,1491,30,243734.07668397622
1,2972,23,412033.5165088828
5,849,23,180961.21258796286
3,834,1,137042.50346706953
5,2552,16,421460.79021886684
5,1244,1,265464.9766868467
5,928,27,189789.2868909641
2,880,19,148120.70253942296
1,3365,27,512841.0360403193
2,2253,3,358485.20898679504
5,1608,18,287967.81671098457
5,762,19,140496.7695497389
1,2317,21,345004.16088767204
