date,headline,close
2026-08-01,Shares fall on weak outlook,103.5244129544237
2026-08-02,Board announces quarterly results,104.72789228047705
2026-08-03,Company beats profit expectations,103.4233600241796
2026-08-04,Shares fall on weak outlook,101.72959251407622
2026-08-05,Board announces quarterly results,102.12322717601059
2026-08-06,Company beats profit expectations,105.16175350540323
2026-08-07,Shares fall on weak outlook,108.97095979615636
2026-08-08,Board announces quarterly results,110.96807473987015
2026-08-09,Company beats profit expectations,110.23635545572527
2026-08-10,Shares fall on weak outlook,108.36793666733189
2026-08-11,Board announces quarterly results,108.00002938034788
2026-08-12,Company beats profit expectations,110.3902812459987
2026-08-13,Shares fall on weak outlook,114.26050111047992
2026-08-14,Board announces quarterly results,116.97182206708462
2026-08-15,Company beats profit expectations,116.95086352047134
2026-08-16,Shares fall on weak outlook,115.1362900500048
2026-08-17,Board announces quarterly results,114.11580752436133
2026-08-18,Company beats profit expectations,115.74703825968497
2026-08-19,Shares fall on weak outlook,119.44963162898885
2026-08-20,Board announces quarterly results,122.73883575218288
