date,region,cases
2026-08-01,Ahmedabad,24
2026-08-02,Ahmedabad,26
2026-08-03,Ahmedabad,24
2026-08-04,Ahmedabad,21
2026-08-05,Ahmedabad,22
2026-08-06,Ahmedabad,26
2026-08-07,Ahmedabad,31
2026-08-08,Ahmedabad,33
2026-08-09,Ahmedabad,32
2026-08-10,Ahmedabad,29
2026-08-11,Ahmedabad,29
2026-08-12,Ahmedabad,32
2026-08-13,Ahmedabad,37
2026-08-14,Ahmedabad,40
2026-08-15,Ahmedabad,40
2026-08-16,Ahmedabad,38
2026-08-17,Ahmedabad,36
2026-08-18,Ahmedabad,38
2026-08-19,Ahmedabad,43
2026-08-20,Ahmedabad,47
2026-08-21,Ahmedabad,48
2026-08-22,Ahmedabad,46
2026-08-23,Ahmedabad,44
2026-08-24,Ahmedabad,45
2026-08-25,Ahmedabad,49
2026-08-26,Ahmedabad,54
2026-08-27,Ahmedabad,56
2026-08-28,Ahmedabad,54
2026-08-29,Ahmedabad,52
2026-08-30,Ahmedabad,52
2026-08-31,Ahmedabad,55
