title,genre,runtime,rating,year
Demo 0,Drama,80,5,2020
Demo 1,Comedy,82,6,2021
Demo 2,Documentary,84,7,2022
Demo 3,Drama,86,8,2023
Demo 4,Comedy,88,9,2024
Demo 5,Documentary,90,5,2025
Demo 6,Drama,92,6,2020
Demo 7,Comedy,94,7,2021
Demo 8,Documentary,96,8,2022
Demo 9,Drama,98,9,2023
Demo 10,Comedy,100,5,2024
Demo 11,Documentary,102,6,2025
Demo 12,Drama,104,7,2020
Demo 13,Comedy,106,8,2021
Demo 14,Documentary,108,9,2022
Demo 15,Drama,110,5,2023
Demo 16,Comedy,112,6,2024
Demo 17,Documentary,114,7,2025
Demo 18,Drama,116,8,2020
Demo 19,Comedy,118,9,2021
